id,mail,password,nombre
87,mrodriguez@yahoo.com,mVqchhZq,Melissa Rodriguez
134,jharrison@yahoo.es,ZCtisRw5,Joseph Harrison
38,aallen@yahoo.es,JOiUve4K,Amy Allen
48,aburton@yahoo.com,fBqBdTWB,Alan Burton
66,cblake@icloud.com,kI2Lt7sy,Christopher Blake
64,mweber@yahoo.it,TV912g59,Michelle Weber
10,ashaw@icloud.com,qSOfdTgQ,Antonio Shaw
40,joconnor@hotmail.com,eUsJ0bIE,Jasmine Oconnor
51,lroberson@yahoo.it,E6Xlwkm1,Lisa Roberson
35,droberts@yahoo.it,MCaZ9dwb,Dwayne Roberts
26,ctaylor@yahoo.es,jZym8OpP,Connor Taylor
108,lmcdaniel@icloud.com,suykYALE,Laura Mcdaniel
36,lmoore@yahoo.com,uLZ8p2nf,Leslie Moore
54,kmckenzie@yahoo.it,8unHco8S,Kyle Mckenzie
68,mdavis@yahoo.com,9M4fwJlN,Mark Davis
39,ebauer@yahoo.es,s13eb5lU,Elizabeth Bauer
41,sballard@hotmail.com,0cKXBQgM,Sandra Ballard
115,ayork@icloud.com,VRlki1jC,Alexa York
29,swhite@yahoo.com,DthqMR5Y,Sharon White
73,dwright@yahoo.it,mWrcsNKn,Donna Wright
34,mferguson@hotmail.com,Tczoa91V,Matthew Ferguson
75,fmendez@yahoo.es,lAV6xmZm,Frank Mendez
74,wsmith@yahoo.it,yiEbsYQQ,Wendy Smith
67,aramirez@gmail.com,klagg55L,Amy Ramirez
133,brios@icloud.com,ow8NkWYm,Brian Rios
49,hsalazar@icloud.com,j3Q6lYnG,Heather Salazar
17,ivarov@hotmail.com,IUxIUoVM,Ivarov
22,dbentley@yahoo.it,dVk9wNFx,Daniel Bentley
122,cwilson@gmail.com,2V1fvJAB,Caroline Wilson
72,bbailey@yahoo.com,1kZNBTUC,Brittany Bailey
57,syates@yahoo.it,69lm9Opq,Sabrina Yates
56,clawrence@gmail.com,7tDEYyzW,Christian Lawrence
97,jmclaughlin@yahoo.it,ewdv9IPt,Jennifer Mclaughlin
82,dwest@hotmail.com,h49f9vtW,Donald West
6,jlarson@yahoo.es,ZWln3gsP,Janet Larson
146,jwade@icloud.com,ENjqJ0g3,John Wade
71,wlee@gmail.com,oEm1Kamn,William Lee
105,cgordon@gmail.com,kc8gQfxD,Charles Gordon
63,twilson@yahoo.it,W2KAlalS,Tonya Wilson
33,castolo@gmail.com,IUxIUoVM,Castolo
4,llowe@yahoo.com,TYhtqhqs,Lawrence Lowe
90,jjames@hotmail.com,nWcB06pO,James James
106,ctucker@yahoo.es,wCnJiML8,Charles Tucker
95,minanda@hotmail.com,IUxIUoVM,Minanda
9,jaguirre@yahoo.it,dL1lawrd,Jeffrey Aguirre
59,aanderson@hotmail.com,Sf9pSb3z,Alyssa Anderson
61,cowens@yahoo.es,h9gfXxDG,Christopher Owens
52,kroberts@yahoo.com,szfHeoqk,Karen Roberts
28,alambert@icloud.com,YIJMpBq3,Alexandra Lambert
119,sharrison@yahoo.es,dqJ3UlcF,Sheena Harrison
20,ahardin@yahoo.com,ppJdCeFu,Andrew Hardin
132,kschmidt@yahoo.it,LDDxFcrU,Kayla Schmidt
77,aclark@yahoo.it,PsFGHSvv,Anthony Clark
102,bmiller@yahoo.it,RRMlowlh,Benjamin Miller
21,rmartin@yahoo.it,2zsdEc1r,Ryan Martin
50,cgonzales@icloud.com,SzpJw4yz,Christopher Gonzales
130,etaylor@yahoo.it,NZQdoyvw,Eric Taylor
23,djohnson@yahoo.es,oxf4uFom,Donna Johnson
27,tchavez@hotmail.com,IpPsGbm0,Teresa Chavez
19,bpatel@icloud.com,4oeUETEP,Bradley Patel
16,nvaughan@yahoo.com,SLUiCqtJ,Nicole Vaughan
18,esmith@gmail.com,wDVCL6t3,Eric Smith
46,ssmith@hotmail.com,nwS2invN,Sherri Smith
15,tgibbs@yahoo.it,Cz1g9YVj,Tara Gibbs
30,czuniga@yahoo.es,WD76B8dh,Courtney Zuniga
123,jbryant@yahoo.com,EyjXHUYs,Jack Bryant
25,smahoney@gmail.com,6ouoSPpl,Sean Mahoney
45,tbryant@hotmail.com,NfUPGTeB,Timothy Bryant
62,bharris@yahoo.it,7miPf6j5,Bryce Harris
1,emiller@gmail.com,oCcUFjmL,Elizabeth Miller
65,jmills@yahoo.it,ff9qd0lJ,James Mills
37,jrich@yahoo.com,41Yw1Fjv,Jessica Rich
14,bjordan@icloud.com,ZKzV0qA0,Barbara Jordan
69,jkennedy@hotmail.com,Nvxb8bUc,Jonathan Kennedy
12,ssullivan@yahoo.com,oSCRZPnt,Steven Sullivan
7,randerson@gmail.com,VnWlMevi,Richard Anderson
8,jpadilla@hotmail.com,zmFAxjyR,Jordan Padilla
3,sgarcia@yahoo.com,6Jb2Rmc6,Sharon Garcia
32,mtaylor@gmail.com,VP7qD9CW,Mitchell Taylor
53,cmiller@gmail.com,zrrMHrV6,Christopher Miller
55,cmassey@icloud.com,OiwR1Ihv,Casey Massey
80,nsnyder@hotmail.com,38mdWYSX,Nicholas Snyder
42,jwong@hotmail.com,CrXt30DD,Jason Wong
11,mmarshall@yahoo.es,JAteLxYq,Michael Marshall
2,mwilliams@gmail.com,W9Sxt1sQ,Michelle Williams
5,awest@gmail.com,0os2ByK9,Allison West
13,jwade@gmail.com,Uua8Ljit,John Wade
24,ahodges@hotmail.com,74hoyHJw,Amy Hodges
92,kpoole@hotmail.com,nlHJ64kw,Kristopher Poole
141,jtaylor@yahoo.com,5f3ioZ9I,Jessica Taylor
44,hhood@hotmail.com,wfhYEQHK,Heidi Hood
47,jbrown@gmail.com,rUES9Men,Jeffrey Brown
76,rdoyle@gmail.com,6YnIZbGu,Richard Doyle
142,mwhitney@hotmail.com,qVYt81JH,Matthew Whitney
60,bgarcia@yahoo.it,ob1WSGz2,Brandi Garcia
58,lwagner@yahoo.it,9VbX2Dl9,Laura Wagner
31,jgould@yahoo.com,oP9BYtZy,Janice Gould
43,dpatterson@yahoo.com,qdU6z9YI,Dennis Patterson PhD
93,jbrewer@gmail.com,InlgLdUD,Joanna Brewer
70,jbrown@icloud.com,wwa12glM,Jason Brown
