id,username
87,mrodriguez1969
134,jharrison1997
38,aallen1997
48,aburton1966
66,cblake1972
64,mweber1962
10,ashaw1989
40,joconnor1986
51,lroberson2000
35,droberts1966
26,ctaylor1976
108,lmcdaniel1995
36,lmoore1966
54,kmckenzie1982
68,mdavis1995
39,ebauer1975
41,sballard2001
115,ayork1984
29,swhite1967
73,dwright1980
34,mferguson2001
75,fmendez1982
74,wsmith2001
67,aramirez1978
133,brios1983
49,hsalazar1960
17,ivarov1965
22,dbentley1972
122,cwilson1965
72,bbailey1996
57,syates1970
56,clawrence1966
97,jmclaughlin2001
82,dwest1975
6,jlarson1989
146,jwade1981
71,wlee1995
105,cgordon1977
63,twilson1999
33,castolo1999
4,llowe1987
90,jjames1966
106,ctucker1961
95,minanda1972
9,jaguirre1971
59,aanderson2001
61,cowens1996
52,kroberts1991
28,alambert1984
119,sharrison2000
20,ahardin1981
132,kschmidt1998
77,aclark1972
102,bmiller1969
21,rmartin1967
50,cgonzales1988
130,etaylor1969
23,djohnson1984
27,tchavez1983
19,bpatel1980
16,nvaughan1974
18,esmith1962
46,ssmith1991
15,tgibbs1996
30,czuniga1995
123,jbryant1971
25,smahoney1982
45,tbryant1985
62,bharris1971
1,emiller1965
65,jmills1975
37,jrich1992
14,bjordan1960
69,jkennedy1987
12,ssullivan1988
7,randerson1979
8,jpadilla1998
3,sgarcia1969
32,mtaylor1996
53,cmiller1997
55,cmassey1964
80,nsnyder1960
42,jwong1990
11,mmarshall1982
2,mwilliams1985
5,awest1969
13,jwade1974
24,ahodges1994
92,kpoole1969
141,jtaylor1997
44,hhood1985
47,jbrown1968
76,rdoyle1985
142,mwhitney1991
60,bgarcia1967
58,lwagner1960
31,jgould2000
43,dpatterson1992
93,jbrewer1984
70,jbrown1985
