id,nombre,mail,password,username,fecha_nacimiento
87,Melissa Rodriguez,mrodriguez@yahoo.com,mVqchhZq,mrodriguez1969,01/01/1927
134,Joseph Harrison,jharrison@yahoo.es,ZCtisRw5,jharrison1997,28/09/1947
38,Amy Allen,aallen@yahoo.es,JOiUve4K,aallen1997,23/03/1995
48,Alan Burton,aburton@yahoo.com,fBqBdTWB,aburton1966,07/12/2004
66,Christopher Blake,cblake@icloud.com,kI2Lt7sy,cblake1972,11/10/1981
64,Michelle Weber,mweber@yahoo.it,TV912g59,mweber1962,05/07/1993
10,Antonio Shaw,ashaw@icloud.com,qSOfdTgQ,ashaw1989,28/10/1966
40,Jasmine Oconnor,joconnor@hotmail.com,eUsJ0bIE,joconnor1986,07/08/1923
51,Lisa Roberson,lroberson@yahoo.it,E6Xlwkm1,lroberson2000,02/06/1945
35,Dwayne Roberts,droberts@yahoo.it,MCaZ9dwb,droberts1966,20/10/2016
26,Connor Taylor,ctaylor@yahoo.es,jZym8OpP,ctaylor1976,24/01/1965
108,Laura Mcdaniel,lmcdaniel@icloud.com,suykYALE,lmcdaniel1995,21/02/1942
36,Leslie Moore,lmoore@yahoo.com,uLZ8p2nf,lmoore1966,15/10/2015
54,Kyle Mckenzie,kmckenzie@yahoo.it,8unHco8S,kmckenzie1982,18/01/1978
68,Mark Davis,mdavis@yahoo.com,9M4fwJlN,mdavis1995,12/07/1965
39,Elizabeth Bauer,ebauer@yahoo.es,s13eb5lU,ebauer1975,26/02/2014
41,Sandra Ballard,sballard@hotmail.com,0cKXBQgM,sballard2001,09/01/1929
115,Alexa York,ayork@icloud.com,VRlki1jC,ayork1984,05/07/1996
29,Sharon White,swhite@yahoo.com,DthqMR5Y,swhite1967,11/04/2009
73,Donna Wright,dwright@yahoo.it,mWrcsNKn,dwright1980,26/09/2006
34,Matthew Ferguson,mferguson@hotmail.com,Tczoa91V,mferguson2001,27/10/1984
75,Frank Mendez,fmendez@yahoo.es,lAV6xmZm,fmendez1982,01/05/2001
74,Wendy Smith,wsmith@yahoo.it,yiEbsYQQ,wsmith2001,06/10/1953
67,Amy Ramirez,aramirez@gmail.com,klagg55L,aramirez1978,16/02/2003
133,Brian Rios,brios@icloud.com,ow8NkWYm,brios1983,19/02/1977
49,Heather Salazar,hsalazar@icloud.com,j3Q6lYnG,hsalazar1960,01/05/1955
17,Ivarov,ivarov@hotmail.com,IUxIUoVM,ivarov1965,31/03/1982
22,Daniel Bentley,dbentley@yahoo.it,dVk9wNFx,dbentley1972,16/03/1973
122,Caroline Wilson,cwilson@gmail.com,2V1fvJAB,cwilson1965,18/12/2004
72,Brittany Bailey,bbailey@yahoo.com,1kZNBTUC,bbailey1996,14/06/1962
57,Sabrina Yates,syates@yahoo.it,69lm9Opq,syates1970,13/07/2006
56,Christian Lawrence,clawrence@gmail.com,7tDEYyzW,clawrence1966,03/11/1975
97,Jennifer Mclaughlin,jmclaughlin@yahoo.it,ewdv9IPt,jmclaughlin2001,10/08/1953
82,Donald West,dwest@hotmail.com,h49f9vtW,dwest1975,07/05/2003
6,Janet Larson,jlarson@yahoo.es,ZWln3gsP,jlarson1989,03/11/1945
146,John Wade,jwade@icloud.com,ENjqJ0g3,jwade1981,14/01/1969
71,William Lee,wlee@gmail.com,oEm1Kamn,wlee1995,04/02/1966
105,Charles Gordon,cgordon@gmail.com,kc8gQfxD,cgordon1977,08/04/1984
63,Tonya Wilson,twilson@yahoo.it,W2KAlalS,twilson1999,20/03/1992
33,Castolo,castolo@gmail.com,IUxIUoVM,castolo1999,12/06/1933
4,Lawrence Lowe,llowe@yahoo.com,TYhtqhqs,llowe1987,22/05/1944
90,James James,jjames@hotmail.com,nWcB06pO,jjames1966,14/04/1932
106,Charles Tucker,ctucker@yahoo.es,wCnJiML8,ctucker1961,01/10/1932
95,Minanda,minanda@hotmail.com,IUxIUoVM,minanda1972,04/09/1939
9,Jeffrey Aguirre,jaguirre@yahoo.it,dL1lawrd,jaguirre1971,07/08/2006
59,Alyssa Anderson,aanderson@hotmail.com,Sf9pSb3z,aanderson2001,25/07/2007
61,Christopher Owens,cowens@yahoo.es,h9gfXxDG,cowens1996,26/02/1987
52,Karen Roberts,kroberts@yahoo.com,szfHeoqk,kroberts1991,21/07/1960
28,Alexandra Lambert,alambert@icloud.com,YIJMpBq3,alambert1984,05/10/1994
119,Sheena Harrison,sharrison@yahoo.es,dqJ3UlcF,sharrison2000,07/08/1959
20,Andrew Hardin,ahardin@yahoo.com,ppJdCeFu,ahardin1981,29/07/2014
132,Kayla Schmidt,kschmidt@yahoo.it,LDDxFcrU,kschmidt1998,17/03/1950
77,Anthony Clark,aclark@yahoo.it,PsFGHSvv,aclark1972,06/05/1950
102,Benjamin Miller,bmiller@yahoo.it,RRMlowlh,bmiller1969,29/05/2016
21,Ryan Martin,rmartin@yahoo.it,2zsdEc1r,rmartin1967,21/08/2009
50,Christopher Gonzales,cgonzales@icloud.com,SzpJw4yz,cgonzales1988,30/11/1945
130,Eric Taylor,etaylor@yahoo.it,NZQdoyvw,etaylor1969,03/04/1947
23,Donna Johnson,djohnson@yahoo.es,oxf4uFom,djohnson1984,01/12/1932
27,Teresa Chavez,tchavez@hotmail.com,IpPsGbm0,tchavez1983,20/06/1946
19,Bradley Patel,bpatel@icloud.com,4oeUETEP,bpatel1980,14/02/2015
16,Nicole Vaughan,nvaughan@yahoo.com,SLUiCqtJ,nvaughan1974,29/03/1981
18,Eric Smith,esmith@gmail.com,wDVCL6t3,esmith1962,23/06/2004
46,Sherri Smith,ssmith@hotmail.com,nwS2invN,ssmith1991,23/10/1933
15,Tara Gibbs,tgibbs@yahoo.it,Cz1g9YVj,tgibbs1996,14/10/1988
30,Courtney Zuniga,czuniga@yahoo.es,WD76B8dh,czuniga1995,05/08/2009
123,Jack Bryant,jbryant@yahoo.com,EyjXHUYs,jbryant1971,04/11/1967
25,Sean Mahoney,smahoney@gmail.com,6ouoSPpl,smahoney1982,12/06/1959
45,Timothy Bryant,tbryant@hotmail.com,NfUPGTeB,tbryant1985,31/01/2006
62,Bryce Harris,bharris@yahoo.it,7miPf6j5,bharris1971,24/03/1988
1,Elizabeth Miller,emiller@gmail.com,oCcUFjmL,emiller1965,16/08/1967
65,James Mills,jmills@yahoo.it,ff9qd0lJ,jmills1975,08/08/1985
37,Jessica Rich,jrich@yahoo.com,41Yw1Fjv,jrich1992,26/01/1973
14,Barbara Jordan,bjordan@icloud.com,ZKzV0qA0,bjordan1960,01/01/1985
69,Jonathan Kennedy,jkennedy@hotmail.com,Nvxb8bUc,jkennedy1987,09/02/1955
12,Steven Sullivan,ssullivan@yahoo.com,oSCRZPnt,ssullivan1988,22/11/2010
7,Richard Anderson,randerson@gmail.com,VnWlMevi,randerson1979,14/01/1981
8,Jordan Padilla,jpadilla@hotmail.com,zmFAxjyR,jpadilla1998,23/04/1948
3,Sharon Garcia,sgarcia@yahoo.com,6Jb2Rmc6,sgarcia1969,23/11/1942
32,Mitchell Taylor,mtaylor@gmail.com,VP7qD9CW,mtaylor1996,15/01/1924
53,Christopher Miller,cmiller@gmail.com,zrrMHrV6,cmiller1997,11/06/1950
55,Casey Massey,cmassey@icloud.com,OiwR1Ihv,cmassey1964,24/03/1949
80,Nicholas Snyder,nsnyder@hotmail.com,38mdWYSX,nsnyder1960,04/02/1990
42,Jason Wong,jwong@hotmail.com,CrXt30DD,jwong1990,10/01/1989
11,Michael Marshall,mmarshall@yahoo.es,JAteLxYq,mmarshall1982,25/05/2014
2,Michelle Williams,mwilliams@gmail.com,W9Sxt1sQ,mwilliams1985,04/08/2000
5,Allison West,awest@gmail.com,0os2ByK9,awest1969,17/07/1952
13,John Wade,jwade@gmail.com,Uua8Ljit,jwade1974,28/09/1984
24,Amy Hodges,ahodges@hotmail.com,74hoyHJw,ahodges1994,27/07/1992
92,Kristopher Poole,kpoole@hotmail.com,nlHJ64kw,kpoole1969,14/04/2000
141,Jessica Taylor,jtaylor@yahoo.com,5f3ioZ9I,jtaylor1997,22/01/1927
44,Heidi Hood,hhood@hotmail.com,wfhYEQHK,hhood1985,19/07/2012
47,Jeffrey Brown,jbrown@gmail.com,rUES9Men,jbrown1968,26/03/1941
76,Richard Doyle,rdoyle@gmail.com,6YnIZbGu,rdoyle1985,13/04/1967
142,Matthew Whitney,mwhitney@hotmail.com,qVYt81JH,mwhitney1991,15/01/1930
60,Brandi Garcia,bgarcia@yahoo.it,ob1WSGz2,bgarcia1967,03/12/2014
58,Laura Wagner,lwagner@yahoo.it,9VbX2Dl9,lwagner1960,25/03/1931
31,Janice Gould,jgould@yahoo.com,oP9BYtZy,jgould2000,12/10/1945
43,Dennis Patterson PhD,dpatterson@yahoo.com,qdU6z9YI,dpatterson1992,23/04/1998
93,Joanna Brewer,jbrewer@gmail.com,InlgLdUD,jbrewer1984,07/09/2004
70,Jason Brown,jbrown@icloud.com,wwa12glM,jbrown1985,19/01/1971